ID,Name,KeyName,PlusName,Country,Category,Grade,Tip
1,EMS,EMS,邮政速递,中国,Walking,1,由中国邮政提供的一种快递服务
2,QQ,QQ,-,中国,Tech,1,腾讯出品，中国用户数量最多的社交软件
3,奥迪,奥迪,Audi,德国,Car,1,大众旗下的豪华汽车品牌
4,百度,百度,Baidu,中国,Tech,1,全球最大的中文搜索引擎、最大的中文网站
5,宝马,宝马,BMW,德国,Car,1,德系三大豪华品牌之一
6,比亚迪,比亚迪,BYD ,中国,Car,1,全球最大充电电池生产商
7,必胜客,必胜客,PizzaHut ,美国,Cater,1,世界第一大披萨品牌
8,大众,大众,Volkswagen,德国,Car,1,世界四大汽车生产商之一，简称VW
9,京东,京东,JD,中国,Lifestyle,1,中国第一个成功赴美上市的大型综合型电商平台
10,李宁,李宁,LINING,中国,Fashion,1,中国体操王子以其姓名创立的运动品牌
11,耐克,耐克,NIKE,美国,Fashion,1,全球著名的体育运动品牌，口号：Just do it
12,苹果,苹果,Apple,美国,Tech,1,世界最具价值品牌，著名手机品牌为iphone
13,顺丰速运,顺丰,S.F. ,中国,Walking,1,国速递行业中投递速度最快的快递公司之一，创始人：王卫
14,天猫,天猫,Tmall,中国,Lifestyle,1,原名淘宝商城，隶属于阿里巴巴旗下
15,土豆网,土豆,Tudou ,中国,AV,1,全球最早上线的视频网站之一，现与优酷合并
16,微信,微信,WeChat,中国,Tech,1,亚洲最大用户群体的移动即时通讯软件，著名功能：朋友圈
17,新浪微博,微博,Weibo ,中国,Tech,1,新浪网推出，提供微型博客服务类的社交网站
18,星巴克,星巴克,Starbucks,美国,Cater,1,全球最大的咖啡连锁店
19,优酷,优酷,Youku,中国,AV,1,中国领先的视频分享网站，曾于土豆网合并
20,圆通,圆通,YTO ,中国,Walking,1,国内大型民营快递品牌企业、2016年借壳大杨创世上市
21,支付宝钱包,支付宝,Alipay,中国,Tech,1,阿里巴巴旗下全球第一的移动支付平台
22,中国工商银行,工行,ICBC,中国,Lifestyle,1,中国五大银行之首
23,中国建设银行,建行,CCB,中国,Lifestyle,1,中国五大银行之一，缩写为CCB
24,中国联通,联通,China Unicom ,中国,Tech,1,中国唯一一家在纽约、香港、上海三地同时上市的电信运营企业
25,中国移动,移动,China Mobile ,中国,Tech,1,中国三大运营商份额居首
26,中国一汽,一汽,FAW ,中国,Car,1,中央直属国有特大型汽车生产企业
27,花花公子,花花公子,Playboy ,美国,Fashion,1,创始人：休・赫夫纳
28,滴滴出行,滴滴,Didi ,中国,Walking,1,涵盖出租车、专车、快车、顺风车、代驾等业务的出行平台
29,中央电视台,央视,CCTV,中国,AV,1,新闻联播、春晚等节目，中国人最熟悉的电视台
30,湖南卫视,湖南,Hunan Satellite TV ,中国,AV,1,代表节目：快乐大本营、天天向上
31,魅族,魅族,Meizu ,中国,Tech,1,国内外知名智能手机厂商，创始人：黄章、白永祥 
32,361度,361度,361°,中国,Fashion,2,中国领先的运动品牌，口号：多一度热爱 
33,7-11,711,7-ELEVEN ,日本,Lifestyle,2,全球最大连锁店体系，创始人铃木敏文 
34,A站,A站,AcFun,中国,AV,2,中国大陆第一家弹幕视频网站，中国二次元文化的开创者、引领者
35,阿迪达斯,阿迪达斯,adidas,德国,Fashion,2,德国著名运动品牌的运动表现系列
36,爱奇艺,爱奇艺,iQIYI? ,中国,AV,2,中国视频网站，口号：悦享品质
37,安踏,安踏,ANTA,中国,Fashion,2,中国领先的体育用品品牌，口号：永不止步
38,霸王,霸王,-,中国,Lifestyle,2,中药世家研制，成龙代言（duang）
39,百世汇通,百世,BEST ,中国,Walking,2,口号：承载寄托、全程呵护
40,本田,本田,HONDA,日本,Car,2,日本汽车品牌，也是世界上最大的摩托车生产厂家
41,必胜宅急送,必胜宅急送,-,中国,Cater,2,百胜（中国）的必胜客衍生的独立品牌
42,哔哩哔哩,B站,Bilibili,中国,AV,2,国内最大的年轻人潮流文化娱乐社区
43,东方既白,东方既白,-,中国,Cater,2,百胜旗下第一个中式餐饮品牌
44,丰田,丰田,TOYATA,日本,Car,2,日本最大的汽车公司
45,黑人,黑人,DARLIE,中国,Lifestyle,2,一直被当作是国外的牙膏品牌
46,红旗,红旗,-,中国,Car,2,中国国宾车、领导人座驾
47,宏,宏,acer,中国,Tech,2,全球第四大个人电脑制造商
48,华硕,华硕,ASUS ,中国,Tech,2,全球第一大主板生产商
49,佳能,佳能,Canon,日本,Tech,2,占有率排名第一的相机品牌
50,康师傅,康师傅,-,中国,Cater,2,国内排名第一的方便面品牌，现属于顶新集团
51,可口可乐,可口可乐,Coca-Cola,美国,Cater,2,全球最大的饮料厂商
52,肯德基,肯德基,KFC,美国,Cater,2,世界第二大速食及最大炸鸡连锁企业
53,麦当劳,麦当劳,McDonald's,美国,Cater,2,世界第一大速食企业
54,蒙牛,蒙牛,MENGNIU,中国,Cater,2,中国奶制品营业额第二
55,诺基亚,诺基亚,Nokia,芬兰,Tech,2,曾是手机界的王者，后与微软合作Windows Phone手机
56,去哪儿,去哪儿,Qunar,中国,Walking,2,中文在线旅行网站，现与携程网合并
57,申通,申通,STO,中国,Walking,2,口号：对客户满意的承诺，是xx坚定的信仰 
58,舒肤佳,舒肤佳,Safeguard ,美国,Lifestyle,2,宝洁旗下著名的个人清洁护理品牌
59,腾讯,腾讯,Tencent,中国,Tech,2,中国四大门户网站之一，推出有QQ、微信等社交工具
60,小米,小米,MI ,中国,Tech,2,移动互联网公司，产品概念为：为发烧而生
61,迅雷,迅雷,Thunder,中国,Tech,2,旗下有中国使用最多的下载软件
62,韵达,韵达,YUNDA ,中国,Walking,2,快递企业、董事长：聂腾云
63,中国电信,电信,China Telecom,中国,Tech,2,中国三大运营商之一，旗下有天翼品牌
64,中国农业银行,农行,ABC,中国,Lifestyle,2,中国五大银行之一，缩写为ABC
65,中通,中通,ZTO,中国,Walking,2,口号：誉满中华、通达天下 
66,东风,东风,Dongfeng ,中国,Car,2,中国四大汽车集团之一，中重卡、SUV、中客排名第一位
67,吉利,吉利,GEELY ,中国,Car,2,中国民营汽车品牌，曾收购沃尔沃，口号：让世界充满xx！ 
68,长安汽车,长安,CHANGAN ,中国,Car,2,总部位于重庆市，口号：科技创新，关爱永恒
69,北京汽车 ,北京,BAIC ,中国,Car,2,以中国首都命名的汽车品牌
70,飘柔,飘柔,Rejoice ,美国,Lifestyle,2,宝洁旗下品牌：xx，顺间心动
71,超威半导体,AMD,AMD,美国,Tech,2,著名微处理器提供商，口号：成就今日，启迪未来
72,无印良品,无印良品,MUJI,日本,Lifestyle,2,日本杂货品牌，包装与产品设计上皆无品牌标志
73,与狼共舞,与狼共舞,DANCING WOLVES ,中国,Fashion,2,七匹狼旗下品牌，灵感来源于1990来同名奥斯卡影片
74,娃哈哈,娃哈哈,WAHAHA,中国,Cater,2,中国最大全球第五的食品饮料生产企业
75,北京电视台,北京卫视,BTV,中国,AV,2,"""首都""电视台"
76,搜狐视频,搜狐视频,-,中国,AV,2,中国第一家以正版高清长视频为显著优势的综合视频网站
77,国家电网,国家电网,State Grid ,中国,Lifestyle,2,全球最大的公用事业企业，口号：你用电，我用心 
78,中国邮政储蓄银行,邮政储蓄,PSBC ,中国,Lifestyle,2,中国邮政集团公司下的商业银行
79,大嘴猴,大嘴猴,Paul Frank ,美国,Fashion,2,色彩缤纷、年轻、可爱、时尚感，由橘子郡起步
80,红牛,红牛,Red Bull ,中国,Cater,2,维他命饮料，口号：你的能量，超乎你想象 
81,骆驼,骆驼,CAMEL,美国,Fashion,2,美国驰名品牌，灵感来自沙漠中的一种动物
82,OPPO,OPPO,欧珀,中国,Tech,2,口号：至美，所品不凡 
83,vivo,vivo,维沃,中国,Tech,2,其手机产品主打Hi-Fi音效，推出Funtouch OS操作系统
84,H&M,H&M,-,瑞典,Fashion,3,来自于瑞典的世界知名服装商
85,Jeep,Jeep,-,美国,Car,3,经典广告词：不是所有的吉普都叫XXX
86,LG,LG,-,韩国,Tech,3,韩国电子业第二大集团
87,TP-LINK,TPLINK ,普联,中国,Tech,3,普联旗下享誉全国的知名网络与通信品牌
88,YouTube,YouTube,-,美国,AV,3,世界上最大的视频网站，现属谷歌
89,ZARA,ZARA,-,西班牙,Fashion,3,西班牙排名第一、全球排名第三的服装商
90,安卓,安卓,Android,美国,Tech,3,Google公司开发的移动操作系统
91,百事可乐,百事可乐,Pepsi Cola ,美国,Cater,3,碳酸饮料，可口可乐的主要竞争对手
92,奔驰,奔驰,Mercedes-Benz,德国,Car,3,三叉星标志，德国高档汽车品牌
93,标致,标致,PEUGEOT ,法国,Car,3,与雪铁龙同属欧洲第二大汽车制造集团旗下
94,彪马,彪马,PUMA,德国,Fashion,3,德国著名运动品牌，口号：Forever Faster
95,戴尔,戴尔,DELL,美国,Tech,3,口号：The power to do more(激发无限) 
96,稻草人,稻草人,MEXICAN ,美国,Fashion,3,北美男士著名时装品牌，创始人：弗瑞达 
97,德克士,德克士,dicos,中国,Cater,3,中国西式快餐特许加盟第一品牌
98,东芝,东芝,Toshiba ,日本,Tech,3,日本最大的半导体制造商
99,飞信,飞信,Fetion ,中国,Tech,3,中国移动推出的综合通信服务
100,谷歌,谷歌,Google,美国,Tech,3,旗下拥有全球最大的搜索引擎
101,黑莓,黑莓,BlackBerry,加拿大,Tech,3,其手机产品往往配备有QWERTY全键盘
102,宏达,宏达,HTC,中国,Tech,3,全球最大的智能手机代工和生产厂商
103,鸿星尔克,鸿星尔克,ERKE,中国,Fashion,3,口号：TO BE No.1
104,惠普,惠普,HP,美国,Tech,3,世界最大的IT公司之一，曾收购康柏电脑
105,7天连锁酒店,7天连锁,7 days Inn ,中国,Walking,3,隶属于铂涛酒店，中国经济型酒店行业的第一品牌
106,卡帕,卡帕,kappa,意大利,Fashion,3,在中国常误译为：背靠背
107,联邦快递,联邦,FedEx ,美国,Walking,3,创始人：弗雷德史密斯，被誉为：创造了一个新行业的人
108,联想,联想,Lenovo,中国,Tech,3,其电脑销量位居中国首位，2013年超越惠普成为全球最大的PC生产厂商
109,路虎,路虎,Landrover,英国,Car,3,世界上唯一专门生产顶级全地形汽车的奢华SUV品牌
110,路特斯,路特斯,Lotus,英国,Car,3,世界三大跑车制造商之一，曾译为：莲花汽车
111,漫威,漫威,Marvel,美国,AV,3,美国漫画巨头，旗下有蜘蛛侠、美国队长等角色
112,美的,美的,Midea ,中国,Tech,3,口号：原来生活可以更美的
113,摩托罗拉,摩托罗拉,Motorola ,美国,Tech,3,全球芯片制造、电子通讯的领导者，其移动业务先后被谷歌和联想收购
114,尼康,尼康,Nicon,日本,Tech,3,日本著名相机品牌，排名仅次于佳能
115,起亚,起亚,KIA ,韩国,Car,3,韩国最早的汽车制造商
116,雀巢,雀巢,Nestle,瑞士,Cater,3,世界上最大的食品制造商，以生产巧克力棒和速溶咖啡闻名
117,三菱,三菱,Mitsubishi ,日本,Car,3,日本汽车行业中最年轻的汽车制造公司
118,三星,三星,Samsung,韩国,Tech,3,韩国最大的跨国企业集团
119,交通银行,交通银行,BOCOM,中国,Lifestyle,3,中国近代以来延续历史最悠久、最古老的银行
120,特步,特步,Xtep ,中国,Fashion,3,中国时尚运动品牌，首创娱乐明星代言体育用品的全新模式
121,天天快递,天天,TTK,中国,Walking,3,口号：xx快递、xx相伴
122,新浪,新浪,Sina,中国,Tech,3,四大综合门户网站之首
123,雪佛兰,雪佛兰,Chevrolet,美国,Car,3,通用汽车旗下最为国际化和大众化的汽车品牌
124,伊利,伊利,Yili,中国,Cater,3,亚洲乳业第一
125,真功夫,真功夫,True Kungfu ,中国,Cater,3,中国快餐行业前五强中唯一的本土品牌
126,金龙鱼,金龙鱼,-,新加坡,Lifestyle,3,世界500强丰益国际旗下著名粮油品牌
127,上汽大通,上汽大通,SAIC MAXUS ,中国,Car,3,上汽集团旗下的传奇商用车品牌
128,汰渍,汰渍,Tide ,美国,Lifestyle,3,宝洁旗下著名洗涤品牌：有xx，没污渍
129,中国银行,中国银行,BOC,中国,Lifestyle,3,中国五大银行之一，标志像一个中字
130,冶天 ,ATI,ATI,加拿大,Tech,3,著名的显示芯片生产商，和NVIDIA齐名，后被AMD收购
131,玉兰油 ,OLAY ,OLAY ,美国,Lifestyle,3,全球领导护肤品牌，创始人：葛拉汉伍尔夫 
132,海飞丝,海飞丝,Head&Shoulders ,美国,Lifestyle,3,宝洁旗下品牌，其产品最新研究成果：活力锌
133,Uber,Uber,优步,美国,Walking,3,美国打车应用
134,12306,12306,中国铁路客户服务中心,中国,Walking,3,网购火车票（P.S.最坑）的地方
135,神州租车,神州租车,CAR ,中国,Walking,3,口号：推动绿色出行，引领中国汽车租赁行业发展
136,英国广播公司,BBC,BBC,英国,AV,3,英国最大的新闻广播机构
137,美国有线电视新闻网,CNN,CNN,美国,AV,3,全天候的新闻节目，创始人：特德・特纳 
138,同程旅游,同程,-,中国,Walking,3,中国领先的休闲旅游在线服务商，创始人：吴志祥
139,腾讯视频,腾讯视频,-,中国,AV,3,中国最大在线视频媒体平台
140,联合利华,联合利华,Unilever ,荷兰/英国,Lifestyle,3,荷兰人造奶油公司和英国香皂公司合并而成
141,力士,力士,LUX,荷兰/英国,Lifestyle,3,联合利华旗下清洁品牌
142,中国石油天然气集团公司,中石油,CNPC,中国,Lifestyle,3,中国主要的油气生产商和供应商之一，全球市值第二大的企业
143,德芙,德芙,Dove,美国,Cater,3,玛氏公司在中国推出的产品：牛奶香浓，丝般感受
144,奇瑞,奇瑞,Chery Automobile ,中国,Car,3,xxQQ，9年蝉联中国自主品牌销量冠军
145,Adobe,Adobe,-,美国,Tech,4,图像元老Photoshop的开发商
146,Cherry,Cherry,-,德国,Tech,4,全球数一数二的专业键盘制造厂商，以机械键盘闻名世界
147,DC,DC,-,美国,AV,4,美国漫画巨头，创造出世界上第一位超级英雄：超人
148,DHL,DHL,-,德国,Walking,4,德国敦豪航空货运公司旗下品牌
149,GAP,GAP,盖璞,美国,Fashion,4,美国第一大服装零售品牌
150,KTM,KTM,KTM,奥地利,Car,4,奥地利的摩托车制造商，世界著名的越野车开发者
151,阿里巴巴,阿里巴巴,Alibaba ,中国,Tech,4,创始人马云，目前已成为全球最大的零售交易平台
152,奥利奥,奥利奥,Oreo,美国,Cater,4,全球巧克力味夹心饼干的代名词
153,保时捷,保时捷,Porsche,德国,Car,4,以生产高级跑车闻名于世界车坛，又叫波尔舍
154,宾得,宾得,PENTAX,日本,Tech,4,曾是旭光学公司的单反相机品牌
155,德邦物流,德邦,deppon ,中国,Walking,4,口号：专注你的托付
156,迪士尼,迪士尼,Disney,美国,AV,4,创造了米老鼠这一举世闻名的动画形象
157,法拉利,法拉利,Ferrari ,意大利,Car,4,世界闻名的赛车和运动跑车的生产厂家，现属菲亚特集团
158,飞利浦,飞利浦,Philips,荷兰,Tech,4,来自荷兰的世界知名电子品牌
159,福特,福特,Ford,美国,Car,4,口号：进无止境
160,格力,格力,GREE ,中国,Tech,4,掌握核心科技
161,冠捷,冠捷,AOC,中国,Tech,4,中国显示器市场销量第一
162,国通快递,国通,-,中国,Walking,4,口号：为民服务、和谐万家
163,哈根达斯,哈根达斯,H?agen-Dazs ,美国,Cater,4,风靡全球的冰淇淋品牌
164,华为,华为,HuaWei,中国,Tech,4,旗下有互联网手机品牌：荣耀
165,雷克萨斯,雷克萨斯,LEXUS,日本,Car,4,丰田集团旗下全球著名豪华汽车品牌
166,雷蛇,雷蛇,Razer,美国,Tech,4,全球顶级游戏外设品牌，宗旨是：始于玩家，赋予玩家
167,联合包裹,UPS,UPS,美国,Walking,4,世界上最大的快递承运商与包裹递送公司
168,马自达,马自达,MAZDA,日本,Car,4,日本第四大汽车制造商，世界上唯一研发和生产转子发动机的汽车公司
169,美特斯邦威,美特斯邦威,Meters Bonwe ,中国,Fashion,4,中国本土休闲服品牌，创始人：周成建
170,梦工厂,梦工厂,DreamWorks,美国,AV,4,电影公司，创始人之一为史蒂文・斯皮尔伯格
171,讴歌,讴歌,Acura,日本,Car,4,本田旗下高端子品牌，口号：专注驰骋 
172,匹克,匹克,PEAK ,中国,Fashion,4,口号：I CAN PLAY
173,奇虎360,360,360,中国,Tech,4,创始人周鸿t，特色产品有：安全卫士和杀毒软件
174,人人网,人人,Renren,中国,Tech,4,中国类似Facebook的实名制社交网络平台
175,搜狐,搜狐,SOHU ,中国,Tech,4,中国四大门户网站之一，创始人张朝阳
176,网易,网易,NetEase,中国,Tech,4,中国四大门户网站之一，公司口号：网聚人的力量
177,微软,微软,Microsoft,美国,Tech,4,全球最大的电脑软件提供商，著名产品有Windows/Office
178,高露洁,高露洁,Colgate,美国,Lifestyle,4,销售额达94亿美元的全球消费品公司
179,西门子,西门子,SIEMENS ,德国,Tech,4,电子电气领头企业，罗永浩砸过其冰箱
180,华润万家,华润万家,Vanguard,中国,Lifestyle,4,华润旗下的零售连锁企业品牌
181,小肥羊,小肥羊,Little Sheep,中国,Cater,4,中国首家在香港上市的品牌餐饮企业，被誉为中华火锅第一股
182,携程,携程,CTRIP,中国,Walking,4,在线票务服务公司，标志物为海豚
183,雪铁龙,雪铁龙,Citroen ,法国,Car,4,与标致同属欧洲第二大汽车制造集团旗下
184,英菲尼迪,英菲尼迪,Infiniti,日本,Car,4,日产旗下的豪华车品牌
185,中兴,中兴,ZTE,中国,Tech,4,中国最大的通信设备上市公司
186,迈凯伦,迈凯伦,Mclaren ,英国,Car,4,超跑品牌，口号：奉献、优质和杰出
187,菲亚特,菲亚特,FIAT ,意大利,Car,4,世界上第一个微型汽车生产厂家，口号：人生如此美丽
188,玛莎拉蒂,玛莎拉蒂,Maserati ,意大利,Car,4,口号：发现源自内心的力量，让世界听见你的呐喊 
189,荣威,荣威,ROEWE,中国,Car,4,上汽集团旗下，口号：品位科技，知你知行
190,罗孚,罗孚,Rover,英国,Car,4,其名字寓意为流浪者或领航员
191,照明娱乐公司,照明娱乐,Illumination Entertainment ,美国,AV,4,环球影业子公司，以卑鄙的我取得成功
192,工业光魔,工业光魔,Industrial Light and Magic,美国,AV,4,当今世界电影特效行业顶尖的制作水准
193,Bad Robot ,Bad Robot ,坏机器人,美国,AV,4,JJ艾布拉姆斯持有的美国制片公司
194,潘婷,潘婷,Pantene ,美国,Lifestyle,4,宝洁旗下的修护损伤洗发水品牌，核心成分PRO-V
195,七匹狼,七匹狼,SEPTWOLVES ,中国,Fashion,4,茄克之王，口号：男人不只一面，品格始终如一 
196,艺龙旅行,艺龙,eLong ,中国,Walking,4,在线旅行服务提供商，logo为一条龙
197,春秋航空,春秋,Spring Airlines,中国,Walking,4,首个中国民营资本独资经营的低成本航空公司专线
198,中国国航,国航,AIR CHINA,中国,Walking,4,国唯一载国旗飞行的民用航空公司
199,中国南方航空,南航,China Southern Airlines,中国,Walking,4,中国运输飞机最多、航线网络最发达、年客运量最大的航空公司
200,宝丽来,宝丽来,Polaroid ,美国,Tech,4,发明了拍立得照相技术
201,美国广播公司,ABC,ABC,美国,AV,4,美国三大商业广播电视公司之一，出品过迷失等经典美剧
202,HBO,HBO,-,美国,AV,4,有线电视网络媒体公司，出品过权利的游戏等高口碑剧集
203,厦门航空,厦航,XIAMEN AIRLINES ,中国,Walking,4,中国唯一使用全波音系列飞机的航空公司
204,东方航空,东航,China Eastern Airlines ,中国,Walking,4,中国民航第一家在香港、纽约和上海三地上市的航空公司
205,乐视视频,乐视,LETV ,中国,AV,4,中国A股最早上市的视频公司，创始人：贾跃亭 
206,连我 ,LINE,LINE,日本,Tech,4,韩国互联网集团NHN的日本子公司NHN Japan推出的类似微信的社交工具
207,沃尔玛,沃尔玛,Walmart,美国,Lifestyle,4,世界连锁企业，世界500强企业之首
208,喜士多,喜士多,C-store,中国,Lifestyle,4,便利店品牌之一，与大润发同属润泰集团
209,相宜本草,相宜本草,INOHERB ,中国,Lifestyle,4,本草养肤领域的领导者，创始人：封帅
210,中国石油化工集团公司,中石化,Sinopec Group,中国,Lifestyle,4,原中国石油化工总公司基础上重组成立的特大型石油石化企业集团
211,招商银行,招行,China Merchants Bank ,中国,Lifestyle,4,中国第一家完全由企业法人持股的股份制商业银行
212,欧米茄,欧米茄,omega ,瑞士,Fashion,4,国际著名制表品牌，代表符号Ω
213,宝骏,宝骏,-,中国,Car,4,上汽通用五菱2010年创建的自主汽车品牌
214,长城,长城,-,中国,Car,4,中国首家在香港H股上市的民营整车汽车企业
215,85度C,85°C,-,中国,Cater,4,取名来自咖啡在摄氏85度时喝起来最好喝的意思
216,克莱斯勒,克莱斯勒,Chrysler ,美国,Car,5,美国三大汽车公司之一，香港译为：佳士拿
217,DS,DS,-,法国,Car,5,法国总统座驾，法国汽车工业顶级设计豪华品牌
218,Facebook,Facebook,脸书,美国,Tech,5,世界排名第一的照片分享站点 
219,IBM,IBM,-,美国,Tech,5,全球最大的信息技术和业务解决方案公司
220,MINI,MINI,-,德国,Car,5,英国BMC汽车公司推出，后属宝马公司
221,Netflix,Netflix,-,美国,AV,5,世界最大的在线影片租赁服务商
222,TNT快递,TNT,TNT,荷兰,Walking,5,总部位于荷兰的全球最大的快递公司之一
223,Twitter,Twitter,推特,美国,Tech,5,美国社交及微博客服务的网站，每条消息不超过140个字
224,艾德熊,艾德熊,A&W,美国,Cater,5,创造出了乐啤露，极富天然成分的饮料
225,爱国者,爱国者,aigo ,中国,Tech,5,华旗资讯旗下数码品牌
226,奥林巴斯,奥林巴斯,Olympus,日本,Tech,5,在日本第一次成功地将显微镜商品化
227,百胜,百胜,Tricon ,美国,Cater,5,全球最大的餐饮集团
228,别克,别克,Buick,美国,Car,5,通用旗下汽车品牌，商标为著名的三盾标志
229,达美乐,达美乐,Domino,美国,Cater,5,世界三大披萨品牌之一
230,底特律电动车,底特律,DETROIT ELECTRIC,荷兰,Car,5,前身为安德森电动汽车公司
231,哥伦比亚影业公司,哥伦比亚,Columbia,美国,AV,5,好莱坞八大电影公司之一，目前属索尼旗下
232,海思半导体,海思,Hisilicon ,中国,Tech,5,前身是华为集成电路设计中心
233,环球影业,环球,Universal Picture,美国,AV,5,好莱坞八大电影公司之一，曾出品过侏罗纪公园
234,技嘉,技嘉,GIGABYTE ,中国,Tech,5,台湾第二大专业主板制造商
235,卡西欧,卡西欧,CASIO,日本,Tech,5,生产电子仪器、电子计算器为主，在中国以其计算器、手表闻名
236,凯迪拉克,凯迪拉克,Cadillac ,美国,Car,5,通用集团旗下一款豪华汽车品牌，标志为冠+盾
237,莱卡,莱卡,leica,德国,Tech,5,产于德国的精良世界级相机品牌
238,兰博基尼,兰博基尼,Lamborghini ,意大利,Car,5,全球顶级跑车制造商，其标志是一头充满力量、正向对方攻击的斗牛
239,朗世,朗世,RANZ ,中国,Car,5,一汽丰田全新合资自主品牌，主要开发纯电动汽车
240,雷诺,雷诺,Renault,法国,Car,5,口号：Drive the Change
241,明基,明基,BenQ ,中国,Tech,5,创始人同宏：施振荣
242,欧宝,欧宝,OPEL,德国,Car,5,通用汽车子公司，由Adam Opel创立
243,乔丹,乔丹,QIAODAN,中国,Fashion,5,口号：跨越.新生
244,乔治・巴顿,乔治巴顿,G.PATTON,美国,Car,5,美国产超级越野车，以二战时期同名美国将领命名
245,21世纪不动产,21世纪不动产,CENTURY 21,美国,Lifestyle,5,全球最大的房地产综合服务提供商
246,日产,日产,NISSAN,日本,Car,5,日本第二大汽车制造商
247,ebay,ebay,-,美国,Lifestyle,5,全球最大的国际贸易电子商务平台
248,锐步,锐步,Reebok ,美国,Fashion,5,美国运动品牌Reebok，后被阿迪达斯收购
249,赛百味,赛百味,Subway,美国,Cater,5,世界上扩张最快及最大单一品牌连锁店，主要贩售三明治和沙拉
250,双龙,双龙,SSANG YONG,韩国,Car,5,前身为韩国东亚汽车公司
251,思科,思科,Cisco ,美国,Tech,5,全球领先的互联网解决方案供应商，名字取自San Francisco
252,索尼,索尼,Sony,日本,Tech,5,世界最早便携式数码产品的开创者
253,特斯拉,特斯拉,Tesla,美国,Car,5,最著名的高性能纯电动汽车品牌
254,唯品会,唯品会,Vipshop ,中国,Tech,5,一家专门做特卖的网站
255,宝洁,宝洁,P&G,美国,Lifestyle,5,全球最大的日用消费品公司
256,现代,现代,HYUNDAI ,韩国,Car,5,韩国汽车品牌，主要生产suv及普通家用轿车
257,家乐福,家乐福,Carrefour,法国,Lifestyle,5,欧洲第一大零售商
258,许留山,许留山,HuiLauShan,中国,Cater,5,香港著名连锁式甜品店，以芒果为主要材料
259,英特尔,英特尔,Intel,美国,Tech,5,全球最大的个人计算机零件和CPU制造商
260,英伟达,英伟达,NVIDA,美国,Tech,5,全球著名IC半导体公司，其显卡俗称N卡
261,乐购,乐购,TESCO,英国,Lifestyle,5,英国最大的零售公司，世界三大零售商之一
262,优速快递,优速,-,中国,Walking,5,口号：一路呵护所托
263,优衣库,优衣库,UNIQLO,日本,Fashion,5,日本国际知名服装品牌，曾出过xxx试衣间热点新闻
264,友讯集团,友讯,D-Link ,中国,Tech,5,口号：Building Networks for People
265,宅急送,宅急送,-,中国,Walking,5,口号：安全、准确、亲切、视服务为生命 
266,新线,新线,New Line cinema ,美国,AV,5,发行过指环王系列电影
267,湖岸影业,湖岸,Lakeshore Entertainment ,美国,AV,5,出品过黑夜传说系列电影
268,施华洛世奇,洛世奇,SWAROVSKI ,奥地利,Fashion,5,全球首屈一指的精确切割仿水晶制造商
269,柯达,柯达,Kodak ,美国,Tech,5,影像品牌，创始人：乔治伊士曼
270,博世,博世,BOSCH,德国,Tech,5,德国工业企业，全球第一大汽车技术供应商
271,柒牌,柒牌,SEVEN,中国,Fashion,5,民营服装品牌，发音同seven/7
272,俏江南,俏江南,South Beauty ,中国,Cater,5,口号：要做中餐中的LV，创始人：张兰 
273,全家,全家,FamilyMart ,日本,Lifestyle,5,第一家由亚洲发起进入美国市场的便利店企业
274,西雅衣家,c&a,c&a,荷兰,Fashion,5,世界领先的时装零售商，旗下有Clockhouse等品牌
275,美国全国广播公司,NBC,NBC,美国,AV,5,美国历史最久、实力最强的商业广播电视公司
276,哥伦比亚广播公司,CBS,CBS,美国,AV,5,美国三大商业广播电视公司之一，出品过生活大爆炸等经典美剧
277,Vimeo,Vimeo,-,美国,AV,5,高清视频播客网站，允许每月上传500MB的视频
278,如家,如家,Home Inn ,中国,Walking,5,品牌价值居中国酒店行业之首
279,味全,味全,wei-chuan,中国,Lifestyle,5,台湾知名综合食品企业，现属顶新集团
280,新蛋网,新蛋,Newegg,美国,Lifestyle,5,全美规模最大的IT数码类网上零售商
281,永辉超市,永辉超市,YONGHUI,中国,Lifestyle,5,中国十强连锁超市，创始人张轩松
282,花王,花王,kao ,日本,Lifestyle,5,日本知名日用品品牌，创始人：长濑富郎
283,中国大唐集团公司,大唐,CHINA DATANG CORPORATION,中国,Lifestyle,5,原国家电力公司部分企事业单位基础上组建而成的特大型发电企业集团
284,浦发银行,浦发,spdb,中国,Lifestyle,5,总部位于上海的商业银行，口号：笃守诚信、创造卓越 
285,costa咖啡,costa,咖世家 ,英国,Cater,5,英国连锁咖啡店第一品牌
286,迪奥,迪奥,Dior ,法国,Fashion,5,LVMH旗下品牌，在法文中是上帝(Dieu)和金子(or)的组合
287,永和大王,永和大王,-,中国,Cater,5,全国连锁快餐企业，经营符合中国人口味的豆浆、油条、稀饭和中式小点心
288,永和豆浆,永和豆浆,Yonghe soybean milk ,中国,Cater,5,台湾弘奇食品有限公司创立餐饮业知名品牌
289,农夫山泉,农夫山泉,NONGFU SPRING,中国,Cater,5,口号：我们是大自然的搬运工 
290,太平洋咖啡,太平洋咖啡,Pacific Coffee ,中国,Cater,5,华润旗下唯一的咖啡连锁品牌
291,卡尔森,卡尔森,Carlsson,德国,Car,6,名字源自瑞典著名赛车手Ingvar Carlsson
292,Smart,Smart,-,德国,Car,6,梅赛德斯-奔驰与手表巨头瑞士Swatch公司合作的产物
293,宝沃,宝沃,BORGWARD ,德国,Car,6,诞生于德国不莱梅，其logo寓意：城堡守护者
294,沃尔沃,沃尔沃,Volvo ,瑞典,Car,6,瑞典豪车品牌，口号：矢志以人为尊
295,forever 21,forever 21,-,美国,Fashion,6,最受美国年轻人欢迎的大众时尚品牌
296,GoPro,GoPro,-,美国,Tech,6,极限运动专用相机的代名词
297,Hulu,Hulu,-,美国,AV,6,由美国NBC和FOX共同成立的一家视频分享网站
298,Paypal,Paypal,贝宝,美国,Tech,6,国际贸易支付工具，创始人：埃隆・马斯克
299,阿玛尼,阿玛尼,Armani,意大利,Fashion,6,美国销量最大的欧洲设计师品牌
300,爱普生,爱普生,Epson,日本,Tech,6,口号：Exceed Your Vision 
301,棒约翰,棒约翰,Papa Johns,美国,Cater,6,世界三大披萨品牌之一：Better Ingredients，Better pizza！
302,冰雪皇后,冰雪皇后,Dairy Queen,美国,Cater,6,世界最大软冰淇淋销售商
303,达美航空,达美,Delta Air Lines,美国,Walking,6,隶属于天合联盟，美国第三大航空公司
304,达能,达能,Danone ,法国,Cater,6,欧洲第三大食品集团
305,大华,大华,dahua,中国,Tech,6,中国安防第二品牌
306,道奇,道奇,Dodge,美国,Car,6,名称采用创始人两兄弟的姓氏，图形商标是五边形中有一羊头的形象
307,德州仪器,德州仪器,TI,美国,Tech,6,世界上最大的模拟电路技术部件制造商
308,杜嘉班纳,杜嘉班纳,DOLCE&GABBANA,意大利,Fashion,6,意大利一线奢侈品牌，D&G
309,二十世纪福克斯,二十世纪福克斯,20th Century Fox ,美国,AV,6,好莱坞八大电影公司之一，发行过星球大战
310,飞思卡尔,飞思卡尔,Freescale,美国,Tech,6,全球领先的半导体公司，赞助举办有以其品牌命名的全国大学生智能车竞赛
311,高通,高通,Qualcomm,美国,Tech,6,无线电通信技术研发公司，目前使用最多的智能手机处理器厂商
312,海康威视,海康威视,HIKVISION ,中国,Tech,6,中国/全球安防第一品牌
313,汉堡王,汉堡王,Burger King,美国,Cater,6,全球第二大快餐连锁企业
314,华纳兄弟,华纳,Warner Bros,美国,AV,6,好莱坞八大电影公司之一，创造了007经典影视形象
315,金士顿,金士顿,kingston ,美国,Tech,6,全球最大的独立内存产品制造商
316,卡夫,卡夫,Kraft ,美国,Cater,6,全球第二大食品公司
317,跨越速运,跨越,KYE ,中国,Walking,6,口号：创快递先锋、建百年xx
318,劳力士,劳力士,Rolex,瑞士,Fashion,6,世界十大名表之一，在中国一枝独秀，曾译罗莱克斯
319,劳斯莱斯,劳斯莱斯,Rolls-Royce,英国,Car,6,世界顶级超豪华轿车厂商
320,联发科,联发科,MediaTek,中国,Tech,6,全球著名IC设计厂商，简称MTK
321,铃木,铃木,SUZUKI ,日本,Car,6,日本第四大汽车制造商，通用持有其10%的股权
322,领英,领英,LinkedIn,美国,Tech,6,全球最大的职业社交网站
323,派拉蒙,派拉蒙,Paramount ,美国,AV,6,好莱坞八大电影公司之一，代表作品有：教父
324,普拉达,普拉达,PRADA,意大利,Fashion,6,穿XXX的女王，于米兰诞生的奢侈品牌
325,闪迪,闪迪,SanDisk ,美国,Tech,6,全球最大的闪速数据存储卡产品供应商
326,松下,松下,Panasonic,日本,Tech,6,世界500强，口号：A Better Life A Better World
327,外星人,外星人,Alienware,美国,Tech,6,戴尔旗下高端游戏笔记本品牌
328,维基百科,维基百科,Wikipedia,美国,Tech,6,基于维基技术的全球性多语言百科全书
329,味千拉面,味千拉面,AJISEN PAMEN,日本,Cater,6,特色是拉面及日式美食
330,五十铃,五十铃,Isuzu ,日本,Car,6,以伊势神宫旁的xxx河来命名
331,新百伦,新百伦,New Balance,美国,Fashion,6,美国运动品牌，被誉为：慢跑鞋之王
332,兄弟,兄弟,Brother,日本,Tech,6,最初生产缝纫机，之后以打印机闻名
333,安利,安利,Amway,美国,Lifestyle,6,高质量消费品品牌，衍生出同名的网络词汇，意为推荐
334,捷豹,捷豹,Jaguar,英国,Car,6,豪车品牌，车标为一只正在跳跃前扑的美洲豹形象
335,阿尔法罗密欧,阿尔法罗密欧,Alfa Romeo,意大利,Car,6,菲亚特FIAT集团旗下意大利著名的轿车和跑车制造商
336,帕加尼,帕加尼,Pagani ,意大利,Car,6,超跑品牌，同法拉利一样诞生于超跑之乡摩德纳
337,狮门电影公司,狮门,LIONSGATE,加拿大,AV,6,加拿大的娱乐公司，创始人弗兰克古斯塔
338,传奇影业,传奇,Legendary Pictures ,美国,AV,6,发行过蝙蝠侠系列电影，16年被万达集团收购
339,顶峰娱乐,顶峰,Summit Entertainment ,美国,AV,6,发行过拆弹部队等，后被狮门电影收购
340,新邦物流,新邦,xb ,中国,Walking,6,物流公司，口号：心传递，新价值 
341,AE美国鹰,美国鹰,American Eagle,美国,Fashion,6,美国街头至IN的一个品牌
342,汉庭酒店,汉庭,HANTING INNS&HOTELS,中国,Walking,6,标准化的经济型酒店，创始人：季琦
343,百思买,百思买,Best Buy,美国,Lifestyle,6,全球最大家用电器和电子产品零售集团
344,汾酒,汾酒,-,中国,Lifestyle,6,四大名酒之一，产于山西
345,好又多,好又多,TRUST-MART,中国,Lifestyle,6,中国大陆连锁分店数量最多的外资商业企业
346,麦德龙,麦德龙,METRO,德国,Lifestyle,6,德国最大、欧洲第二的零售批发超市集团
347,茅台,茅台,moutai ,中国,Lifestyle,6,四大名酒之一，产于贵州，世界三大蒸馏名酒之一
348,希尔顿,希尔顿,Hilton,美国,Walking,6,美国旅馆业巨头，人称旅店帝王
349,亚马逊,亚马逊,Amazon,美国,Lifestyle,6,美国最大的一家网络电子商务公司
350,中国人民银行,央行,PBOC,中国,Lifestyle,6,中华人民共和国的中央银行
351,香奈儿,香奈儿,CHANEL ,法国,Fashion,6,口号：流行稍纵即逝，风格永存 
352,吉野家,吉野家,Yoshinoya ,日本,Cater,6,著名日本牛肉饭专门店，创始人：松田荣吉
353,VISA,维信,维萨,美国,Lifestyle,6,信用卡品牌，前身是由美洲银行所发行的Bank Americard
354,万事达卡,万卡,MasterCard,美国,Lifestyle,6,信用卡品牌，原名MasterCharge
355,上岛咖啡,上岛咖啡,Uegashima coffee ,中国,Cater,6,国内著名的咖啡连锁餐厅，口号：源于台湾、香闻世界
356,名爵 ,MG,MORRIS GARAGE,中国/英国,Car,6,简称MG，八角形形状标志，象征着热情、忠诚
357,斯柯达,斯柯达,SKODA,捷克,Car,7,位于捷克的世界上历史最悠久的四家汽车生产商之一
358,西雅特,西雅特,Seat ,西班牙,Car,7,西班牙最大的汽车公司
359,斯巴鲁,斯巴鲁,Subaru ,日本,Car,7,富士重工旗下，六连星标志
360,科尼赛克,科尼赛克,Koenigsegg ,瑞典,Car,7,瑞典超级跑车制造厂，幽灵图案logo
361,阿斯顿马丁,阿斯顿马丁,AstonMartin,英国,Car,7,其标志是一只展翅飞翔的大鹏
362,爱马仕,爱马仕,Hermes,法国,Fashion,7,法国著名奢侈品品牌，以制造高级马具起家
363,宾利,宾利,Bentley ,英国,Car,7,著名豪车制造商，98被大众集团收购
364,布加迪,布加迪,Bugatti ,法国,Car,7,法国跑车品牌，98被大众集团收购
365,大疆,大疆,-,中国,Tech,7,一夜成名的无人机品牌，创始人：汪滔
366,恩智浦,恩智浦,NXP,荷兰,Tech,7,由飞利浦公司创立的半导体公司，后与飞思卡尔合并
367,范思哲,范思哲,Versace,意大利,Fashion,7,标志是神话中的蛇妖美杜莎，代表着致命的吸引力
368,芬迪,芬迪,FENDI ,意大利,Fashion,7,意大利奢侈品品牌，以一家位于罗马的皮革毛皮商店起家
369,光冈,光冈,MITSUOKA ,日本,Car,7,主要生产改装轿车，logo来源于古汉字：车
370,海盗船,海盗船,Corsair ,美国,Tech,7,著名电脑硬件制造商，全球最受尊敬的超频内存制造商
371,海滋客,海滋客,Long John Silver's ,美国,Cater,7,国际连锁速食餐厅，以海鲜、炸鱼块为其主要特色
372,卡地亚,卡地亚,Cartier ,法国,Fashion,7,世界上首只戴在手腕的腕表
373,柯尼卡美能达,柯尼卡美能达,Konica Minolta ,日本,Tech,7,在中国以大型打印机闻名，企业口号：The essentials of imaging
374,蓝天工作室,蓝天,Blue sky,美国,AV,7,好莱坞著名动画工作室，出品有冰河世纪
375,联美,联美,United Artists,美国,AV,7,好莱坞八大电影公司之一，现东家为汤姆・克鲁斯
376,林肯,林肯,LINCOLN,美国,Car,7,福特旗下豪华汽车品牌，以一位美国总统名字命名
377,美国联合航空,美联航,United Airlines ,美国,Walking,7,隶属于星空联盟，口号：翱游天际，友善体验
378,米高梅,米高梅,Metro-Goldwyn-Mayer,美国,AV,7,好莱坞八大电影公司之一，发起并推出了奥斯卡奖
379,皮克斯,皮克斯,Pixar ,美国,AV,7,迪士尼旗下顶级动画工作室，曾是卢卡斯电影公司的电脑动画部
380,日立,日立,HITACHI,日本,Tech,7,日本的一家全球最大的综合跨国集团
381,软银,软银,SoftBank,日本,Tech,7,由孙正义成立的综合性的风险投资公司
382,赛麟,赛麟,Saleen,美国,Car,7,世界超跑之王，无可比拟的外观设计与巅峰性能
383,施乐,施乐,Xerox,美国,Tech,7,全球最大数字与信息技术产品生产商，复印技术的发明公司
384,塔可钟,塔可钟,tacobell,美国,Cater,7,世界上规模最大的提供墨西哥式食品的连锁餐饮品牌
385,泰卡特,泰卡特,TECHART ,德国,Car,7,个性化汽车国际品牌，logo为持金钥匙的狮鹫和狮鹫
386,唐恩都乐,唐恩都乐,Dunkin Donuts,美国,Cater,7,美国十大快餐连锁品牌之一，别名当肯甜甜圈
387,威兹曼,威兹曼,Wiesmann ,德国,Car,7,德国最小的整车生产厂，外观仿古而内部却极其现代化
388,西部数据,西数,Western Digital,美国,Tech,7,全球第二大硬盘生产商
389,希捷,希捷,Seagate,美国,Tech,7,全球最大的硬盘、磁盘和读写磁头制造商
390,骁龙,骁龙,Snapdragon ,美国,Tech,7,Qualcomm旗下移动处理器和LTE调制解调器的品牌名
391,意法半导体,意法,ST,意大利/法国,Tech,7,全球第五大半导体厂商
392,Artega,Artega,-,德国,Car,7,德国新兴跑车品牌，动力由来自大众的3.6升V6发动机提供
393,AC Schnitzer,AC Schnitzer,-,德国,Car,7,全世界最大的BMW专业改装厂
394,杰瑞・布鲁克海默电影公司,杰瑞布鲁克海默,Jerry Bruckheimer Films ,美国,AV,7,有同名好莱坞制片人（如加勒比海盗）创立
395,孩之宝,孩之宝,Hasbro ,美国,AV,7,著名玩具公司、旗下有变形金刚等著名品牌
396,全峰快递,全峰,Quanfeng ,中国,Walking,7,口号：成为中国快递综合解决方案领跑者 
397,国泰航空,国泰航空,Cathay Pacific Airways,中国,Walking,7,香港第一所提供民航服务的航空公司
398,纪梵希,纪梵希,Givenchy ,法国,Fashion,7,法国的时装品牌，其4G标志代表：古典 、优雅 、愉悦以及其品牌名
399,路易威登,路易威登,LouisVuitton ,法国,Fashion,7,著名奢侈品品牌，俗称lv
400,大润发,大润发,RT-MART,中国,Lifestyle,7,RT-MART，台湾大型连锁量贩店
401,泸州老窖,泸州老窖,-,中国,Lifestyle,7,四大名酒之一，产于四川，浓香鼻祖、酒中泰斗
402,欧尚,欧尚,Auchan,法国,Lifestyle,7,法国第二大以经营零售业为主的商业集团，全球十大零售商之一
403,西凤酒,西凤酒,-,中国,Lifestyle,7,四大名酒之一，产于陕西
404,宜家,宜家,IKEA ,瑞典,Lifestyle,7,全球最大的家具家居用品商家
405,易买得,易买得,e-smart,韩国,Lifestyle,7,韩国新世界集团旗下的大型综合超市
406,和路雪,和路雪,Wall's ,荷兰/英国,Lifestyle,7,英国著名冰激凌企业，联合利华旗下品牌
407,尊尼获加,尊尼获加,Johnnie Walker,英国,Lifestyle,7,世界著名的苏格兰威士忌品牌，又译约翰走路
408,JCB信用卡? ,JCB信用卡? ,JCB,日本,Lifestyle,7,源自日本的世界通用国际信用卡
409,维塔数码,维塔,Weta Digital ,美国,AV,7,彼得杰克逊等人创建，指环王、阿凡达视效制作团队
